ispb,name,code,fullName
00000000,BCO DO BRASIL S.A.,1,Banco do Brasil S.A.
00000208,BRB - BCO DE BRASILIA S.A.,70,BRB - BANCO DE BRASILIA S.A.
00122327,SANTINVEST S.A. - CFI,539,"SANTINVEST S.A. - CREDITO, FINANCIAMENTO E INVESTIMENTOS"
00204963,CCR SEARA,430,COOPERATIVA DE CREDITO RURAL SEARA - CREDISEARA
00250699,AGK CC S.A.,272,AGK CORRETORA DE CAMBIO S.A.
00315557,UNICRED DO BRASIL,136,COOPERATIVA CENTRAL DE CRÉDITO UNICRED DO BRASIL - UNICRED DO BRASIL
00329598,SEFER INVESTIMENTOS DTVM LTDA,407,SEFER INVESTIMENTOS DISTRIBUIDORA DE TÍTULOS E VALORES MOBILIÁRIOS LTDA
00360305,CAIXA ECONOMICA FEDERAL,104,CAIXA ECONOMICA FEDERAL
00411939,FINAMAX S.A. CFI,714,"FINAMAX S.A. - CREDITO, FINANCIAMENTO E INVESTIMENTO"
00416968,BANCO INTER,77,Banco Inter S.A.
00460065,COLUNA S.A. DTVM,423,COLUNA S/A DISTRIBUIDORA DE TITULOS E VALORES MOBILIÁRIOS
00517645,BCO RIBEIRAO PRETO S.A.,741,BANCO RIBEIRAO PRETO S.A.
00556603,BANCO BARI S.A.,330,BANCO BARI DE INVESTIMENTOS E FINANCIAMENTOS S.A.
00714671,EWALLY IP S.A.,534,EWALLY INSTITUIÇÃO DE PAGAMENTO S.A.
00795423,BANCO SEMEAR,743,Banco Semear S.A.
00806535,PLANNER CV S.A.,100,Planner Corretora de Valores S.A.
00954288,FDO GARANTIDOR CRÉDITOS,541,FUNDO GARANTIDOR DE CREDITOS - FGC
00997185,BCO B3 S.A.,96,Banco B3 S.A.
01023570,BCO RABOBANK INTL BRASIL S.A.,747,Banco Rabobank International Brasil S.A.
01027058,CIELO IP S.A.,362,CIELO S.A. - INSTITUIÇÃO DE PAGAMENTO
01073966,CCR DE ABELARDO LUZ,322,Cooperativa de Crédito Rural de Abelardo Luz - Sulcredi/Crediluz
01181521,BCO COOPERATIVO SICREDI S.A.,748,BANCO COOPERATIVO SICREDI S.A.
01330387,COOP DE AGRICULTORES E AEROPORTUÁRIOS DO BRASIL,350,"COOPERATIVA DE CRÉDITO, POUPANÇA E SERVIÇOS FINANCEIROS DE AGRICULTORES E AEROPORTUÁRIOS DO BRASIL - CREHNOR"
01522368,BCO BNP PARIBAS BRASIL S A,752,Banco BNP Paribas Brasil S.A.
01658426,COOP COOPERFORTE LTDA.,379,COOPERFORTE COOPERATIVA DE CRÉDITO E INVESTIMENTOS LTDA
01701201,Kirton Bank,399,Kirton Bank S.A. - Banco Múltiplo
01852137,BCO BRASILEIRO DE CRÉDITO S.A.,378,BANCO BRASILEIRO DE CRÉDITO SOCIEDADE ANÔNIMA
01858774,BCO BV S.A.,413,BANCO BV S.A.
02038232,BANCO SICOOB S.A.,756,BANCO COOPERATIVO SICOOB S.A. - BANCO SICOOB
02276653,TRINUS CAPITAL DTVM,360,TRINUS CAPITAL DISTRIBUIDORA DE TÍTULOS E VALORES MOBILIÁRIOS S.A.
02318507,BCO KEB HANA DO BRASIL S.A.,757,BANCO KEB HANA DO BRASIL S.A.
02332886,XP INVESTIMENTOS CCTVM S/A,102,"XP INVESTIMENTOS CORRETORA DE CÂMBIO,TÍTULOS E VALORES MOBILIÁRIOS S/A"
02398976,SISPRIME DO BRASIL - COOP,84,SISPRIME DO BRASIL - COOPERATIVA DE CRÉDITO
02671743,BANVOX DTVM,591,BANVOX DISTRIBUIDORA DE TÍTULOS E VALORES MOBILIÁRIOS LTDA
02682287,PAN FINAN,555,"PAN FINANCEIRA S.A. - SOCIEDADE DE CRÉDITO, FINANCIAMENTO E INVESTIMENTOS"
02685483,CM CAPITAL MARKETS CCTVM LTDA,180,"CM CAPITAL MARKETS CORRETORA DE CÂMBIO, TÍTULOS E VALORES MOBILIÁRIOS LTDA"
02801938,BCO MORGAN STANLEY S.A.,66,BANCO MORGAN STANLEY S.A.
02819125,UBS BB CCTVM S.A.,15,"UBS BB CORRETORA DE CÂMBIO, TÍTULOS E VALORES MOBILIÁRIOS S.A."
02992317,INTEX BANK BCO DE CÂMBIO S.A.,143,INTEX BANK BANCO DE CÂMBIO S.A.
03017677,BCO. J.SAFRA S.A.,74,Banco J. Safra S.A.
03046391,UNIPRIME COOPCENTRAL LTDA.,99,UNIPRIME CENTRAL NACIONAL - CENTRAL NACIONAL DE COOPERATIVA DE CREDITO
03215790,BCO TOYOTA DO BRASIL S.A.,387,Banco Toyota do Brasil S.A.
03311443,PARATI - CFI S.A.,326,"PARATI - CREDITO, FINANCIAMENTO E INVESTIMENTO S.A."
03323840,BCO ALFA S.A.,25,Banco Alfa S.A.
03532415,BANCO ABN AMRO CLEARING S.A.,75,BANCO ABN AMRO CLEARING S.A.
03609817,BCO CARGILL S.A.,40,Banco Cargill S.A.
03751794,TERRA INVESTIMENTOS DTVM,307,Terra Investimentos Distribuidora de Títulos e Valores Mobiliários Ltda.
03816413,PAGUEVELOZ IP LTDA.,517,PAGUEVELOZ INSTITUIÇÃO DE PAGAMENTO LTDA.
03844699,CECM DOS TRAB.PORT. DA G.VITOR,385,COOPERATIVA DE ECONOMIA E CREDITO MUTUO DOS TRABALHADORES PORTUARIOS DA GRANDE VITORIA - CREDESTIVA.
03881423,SOCINAL S.A. CFI,425,"SOCINAL S.A. - CRÉDITO, FINANCIAMENTO E INVESTIMENTO"
03973814,SERVICOOP,190,SERVICOOP - COOPERATIVA DE CRÉDITO DOS SERVIDORES PÚBLICOS ESTADUAIS E MUNICIPAIS DO RIO GRANDE DO SUL
04062902,OZ CORRETORA DE CÂMBIO S.A.,296,OZ CORRETORA DE CÂMBIO S.A.
04184779,BANCO BRADESCARD,63,Banco Bradescard S.A.
04257795,NOVA FUTURA CTVM LTDA.,191,Nova Futura Corretora de Títulos e Valores Mobiliários Ltda.
04306351,INDEPENDÊNCIA CC,764,INDEPENDÊNCIA COOPERATIVA DE CRÉDITO E INVESTIMENTO - INDEPENDÊNCIA COOPERATIVA DE CRÉDITO
04307598,FIDUCIA SCMEPP LTDA,382,FIDÚCIA SOCIEDADE DE CRÉDITO AO MICROEMPREENDEDOR E À EMPRESA DE PEQUENO PORTE LIMITADA.
04332281,GOLDMAN SACHS DO BRASIL BM S.A,64,GOLDMAN SACHS DO BRASIL BANCO MULTIPLO S.A.
04632856,CREDISIS - CENTRAL DE COOPERATIVAS DE CRÉDITO LTDA.,97,Credisis - Central de Cooperativas de Crédito Ltda.
04715685,CCM DESP TRÂNS SC E RS,16,COOPERATIVA DE CRÉDITO MÚTUO DOS DESPACHANTES DE TRÂNSITO DE SANTA CATARINA E RIO GRANDE DO SUL - SICOOB CREDITRAN
04814563,BCO AFINZ S.A. - BM,299,BANCO AFINZ S.A. - BANCO MÚLTIPLO
04849745,HBI SCD,540,HBI SOCIEDADE DE CRÉDITO DIRETO S/A.
04862600,PORTOSEG S.A. CFI,468,"PORTOSEG S.A. - CREDITO, FINANCIAMENTO E INVESTIMENTO"
04866275,BANCO INBURSA,12,Banco Inbursa S.A.
04902979,BCO DA AMAZONIA S.A.,3,BANCO DA AMAZONIA S.A.
04913129,CONFIDENCE CC S.A.,60,CONFIDENCE SOCIEDADE CORRETORA DE CAMBIO S.A.
04913711,BCO DO EST. DO PA S.A.,37,Banco do Estado do Pará S.A.
05192316,VIA CERTA FINANCIADORA S.A. - CFI,411,"Via Certa Financiadora S.A. - Crédito, Financiamento e Investimentos"
05351887,ZEMA CFI S/A,359,"ZEMA CRÉDITO, FINANCIAMENTO E INVESTIMENTO S/A"
05442029,CASA CREDITO S.A. SCM,159,Casa do Crédito S.A. Sociedade de Crédito ao Microempreendedor
05463212,COOPCENTRAL AILOS,85,Cooperativa Central de Crédito - Ailos
05491616,COOP CREDITAG,400,"COOPERATIVA DE CRÉDITO, POUPANÇA E SERVIÇOS FINANCEIROS"
05684234,PLANNER SOCIEDADE DE CRÉDITO DIRETO,410,PLANNER SOCIEDADE DE CRÉDITO DIRETO S.A.
05841967,CECM FABRIC CALÇADOS SAPIRANGA,328,COOPERATIVA DE ECONOMIA E CRÉDITO MÚTUO DOS FABRICANTES DE CALÇADOS DE SAPIRANGA LTDA.
06249129,RPW S.A. SCFI,548,"RPW S/A SOCIEDADE DE CRÉDITO, FINANCIAMENTO E INVESTIMENTO"
06271464,BCO BBI S.A.,36,Banco Bradesco BBI S.A.
07138049,PICPAY INVEST,469,PICPAY INVEST DISTRIBUIDORA DE TÍTULOS E VALORES MOBILIÁRIOS LTDA
07207996,BCO BRADESCO FINANC. S.A.,394,Banco Bradesco Financiamentos S.A.
07237373,BCO DO NORDESTE DO BRASIL S.A.,4,Banco do Nordeste do Brasil S.A.
07253654,HEDGE INVESTMENTS DTVM LTDA.,458,HEDGE INVESTMENTS DISTRIBUIDORA DE TÍTULOS E VALORES MOBILIÁRIOS LTDA.
07450604,BOC BRASIL,320,BANK OF CHINA (BRASIL) BANCO MÚLTIPLO S/A
07512441,HS FINANCEIRA,189,"HS FINANCEIRA S/A CREDITO, FINANCIAMENTO E INVESTIMENTOS"
07652226,LECCA CFI S.A.,105,"Lecca Crédito, Financiamento e Investimento S/A"
07656500,BCO KDB BRASIL S.A.,76,Banco KDB do Brasil S.A.
07679404,BANCO TOPÁZIO S.A.,82,BANCO TOPÁZIO S.A.
07693858,HSCM SCMEPP LTDA.,312,HSCM - SOCIEDADE DE CRÉDITO AO MICROEMPREENDEDOR E À EMPRESA DE PEQUENO PORTE LTDA.
07799277,VALOR S/A SCFI,195,"VALOR S/A SOCIEDADE DE CRÉDITO, FINANCIAMENTO E INVESTIMENTO"
07945233,POLOCRED SCMEPP LTDA.,93,PÓLOCRED   SOCIEDADE DE CRÉDITO AO MICROEMPREENDEDOR E À EMPRESA DE PEQUENO PORTE LTDA.
08240446,CCR DE IBIAM,391,COOPERATIVA DE CREDITO RURAL DE IBIAM - SULCREDI/IBIAM
08253539,COOP SULCREDI AMPLEA,273,COOPERATIVA DE CREDITO SULCREDI AMPLEA
08357240,BCO CSF S.A.,368,Banco CSF S.A.
08482873,CCR DO AGRESTE ALAGOANO,673,COOPERATIVA DE CRÉDITO RURAL DO AGRESTE ALAGOANO - COOPERAGRE
08561701,PAGSEGURO INTERNET IP S.A.,290,PAGSEGURO INTERNET INSTITUIÇÃO DE PAGAMENTO S.A.
08609934,MONEYCORP BCO DE CÂMBIO S.A.,259,MONEYCORP BANCO DE CÂMBIO S.A.
08673569,F D GOLD DTVM LTDA,395,F.D'GOLD - DISTRIBUIDORA DE TÍTULOS E VALORES MOBILIÁRIOS LTDA.
09089356,EFÍ S.A. - IP,364,EFÍ S.A. - INSTITUIÇÃO DE PAGAMENTO
09105360,ICAP DO BRASIL CTVM LTDA.,157,ICAP do Brasil Corretora de Títulos e Valores Mobiliários Ltda.
09210106,SOCRED SA - SCMEPP,183,SOCRED S.A. - SOCIEDADE DE CRÉDITO AO MICROEMPREENDEDOR E À EMPRESA DE PEQUENO PORTE
09274232,STATE STREET BR S.A. BCO COMERCIAL,14,STATE STREET BRASIL S.A. - BANCO COMERCIAL
09313766,CARUANA SCFI,130,"CARUANA S.A. - SOCIEDADE DE CRÉDITO, FINANCIAMENTO E INVESTIMENTO"
09464032,MIDWAY S.A. - SCFI,358,"MIDWAY S.A. - SOCIEDADE DE CRÉDITO, FINANCIAMENTO E INVESTIMENTO"
09512542,CODEPE CVC S.A.,127,Codepe Corretora de Valores e Câmbio S.A.
09516419,PICPAY BANK - BANCO MÚLTIPLO S.A,79,PICPAY BANK - BANCO MÚLTIPLO S.A
09526594,MASTER BI S.A. - EM LIQUIDAÇÃO EXTRAJUDICIAL,141,BANCO MASTER DE INVESTIMENTO S.A. - EM LIQUIDAÇÃO EXTRAJUDICIAL
10264663,BANCOSEGURO S.A.,81,BancoSeguro S.A.
10371492,BCO YAMAHA MOTOR S.A.,475,Banco Yamaha Motor do Brasil S.A.
10398952,CRESOL CONFEDERAÇÃO,133,CONFEDERAÇÃO NACIONAL DAS COOPERATIVAS CENTRAIS DE CRÉDITO E ECONOMIA FAMILIAR E SOLIDÁRIA - CRESOL CONFEDERAÇÃO
10440482,GETNET IP,703,GETNET ADQUIRÊNCIA E SERVIÇOS PARA MEIOS DE PAGAMENTO S.A. INSTITUIÇÃO DE PAGAMENTO
10573521,MERCADO PAGO IP LTDA.,323,MERCADO PAGO INSTITUIÇÃO DE PAGAMENTO LTDA.
10663610,AF DESENVOLVE SP S.A.,577,DESENVOLVE SP - AGÊNCIA DE FOMENTO DO ESTADO DE SÃO PAULO S.A.
10664513,BCO AGIBANK S.A.,121,Banco Agibank S.A.
10690848,BCO DA CHINA BRASIL S.A.,83,Banco da China Brasil S.A.
10853017,GET MONEY CC LTDA,138,Get Money Corretora de Câmbio S.A.
10866788,BCO BANDEPE S.A.,24,Banco Bandepe S.A.
11165756,GLOBAL SCM LTDA,384,GLOBAL FINANÇAS SOCIEDADE DE CRÉDITO AO MICROEMPREENDEDOR E À EMPRESA DE PEQUENO PORTE LTDA.
11285104,NEON FINANCEIRA - SCFI S.A.,426,"NEON FINANCEIRA - SOCIEDADE DE CRÉDITO, FINANCIAMENTO E INVESTIMENTO S.A"
11351086,MERCADO BITCOIN IP LTDA,576,MERCADO BITCOIN INSTITUICAO DE PAGAMENTO LTDA
11414839,EAGLE IP LTDA.,664,EAGLE INSTITUICAO DE PAGAMENTO LTDA.
11476673,BANCO RANDON S.A.,88,BANCO RANDON S.A.
11491029,BSN,670,BSN PAGAMENTOS INSTITUIÇÃO DE PAGAMENTO LTDA
11495073,OM DTVM LTDA,319,OM DISTRIBUIDORA DE TÍTULOS E VALORES MOBILIÁRIOS LTDA
11581339,BMP SCMEPP LTDA,274,BMP SOCIEDADE DE CRÉDITO AO MICROEMPREENDEDOR E A EMPRESA DE PEQUENO PORTE LTDA.
11703662,BANCO TRAVELEX S.A.,95,BANCO TRAVELEX S.A.
11758741,BANCO FINAXIS,94,Banco Finaxis S.A.
11760553,GAZINCRED S.A. SCFI,478,"GAZINCRED S.A. SOCIEDADE DE CRÉDITO, FINANCIAMENTO E INVESTIMENTO"
11970623,BCO SENFF S.A.,276,BANCO SENFF S.A.
12102128,SAFETYPAY BRASIL IP LTDA,780,SAFETYPAY BRASIL INSTITUICAO DE PAGAMENTO LTDA
12392983,MIRAE ASSET (BRASIL) CCTVM LTDA.,447,"MIRAE ASSET (BRASIL) CORRETORA DE CÂMBIO, TÍTULOS  E VALORES MOBILIÁRIOS LTDA."
12473687,CONTA PRONTA IP,569,CONTA PRONTA INSTITUICAO DE PAGAMENTO LTDA
12481100,BIZ IP LTDA.,686,BIZ INSTITUIÇÃO DE PAGAMENTO S.A.
13009717,BCO DO EST. DE SE S.A.,47,Banco do Estado de Sergipe S.A.
13059145,EBURY BCO DE CÂMBIO S.A.,144,EBURY BANCO DE CÂMBIO S.A.
13140088,ACESSO SOLUÇÕES DE PAGAMENTO S.A. - INSTITUIÇÃO DE PAGAMENTO,332,ACESSO SOLUÇÕES DE PAGAMENTO S.A. - INSTITUIÇÃO DE PAGAMENTO
13203354,FITS IP,450,FITS INSTITUIÇÃO DE PAGAMENTO S.A.
13220493,BR PARTNERS BI,126,BR Partners Banco de Investimento S.A.
13370835,DOCK IP S.A.,301,DOCK INSTITUIÇÃO DE PAGAMENTO S.A.
13486793,BRL TRUST DTVM SA,173,BRL Trust Distribuidora de Títulos e Valores Mobiliários S.A.
13673855,OSLO CAPITAL DTVM SA,331,OSLO CAPITAL DISTRIBUIDORA DE TÍTULOS E VALORES MOBILIÁRIOS S.A
13720915,BCO WESTERN UNION,119,Banco Western Union do Brasil S.A.
13884775,MAGALUPAY,396,MAGALUPAY INSTITUIÇÃO DE PAGAMENTO S.A.
13935893,CELCOIN IP S.A.,509,CELCOIN INSTITUICAO DE PAGAMENTO S.A.
14388334,PARANA BCO S.A.,254,PARANÁ BANCO S.A.
14511781,BARI CIA HIPOTECÁRIA,268,BARI COMPANHIA HIPOTECÁRIA
15111975,IUGU IP S.A.,401,IUGU INSTITUIÇÃO DE PAGAMENTO S.A.
15114366,BCO BOCOM BBM S.A.,107,Banco Bocom BBM S.A.
15124464,BANCO BESA S.A.,334,BANCO BESA S.A.
15173776,SOCIAL BANK S/A,412,SOCIAL BANK BANCO MÚLTIPLO S/A
15357060,BCO WOORI BANK DO BRASIL S.A.,124,Banco Woori Bank do Brasil S.A.
15581638,FACTA S.A. CFI,149,Facta Financeira S.A. - Crédito Financiamento e Investimento
16501555,STONE IP S.A.,197,STONE INSTITUIÇÃO DE PAGAMENTO S.A.
16695922,ID CTVM,439,ID CORRETORA DE TÍTULOS E VALORES MOBILIÁRIOS S.A.
16814330,BK IP S.A.,690,BK INSTITUIÇÃO DE PAGAMENTO S.A.
16944141,BROKER BRASIL CC LTDA.,142,Broker Brasil Corretora de Câmbio Ltda.
17079937,PINBANK IP,529,PINBANK BRASIL INSTITUIÇÃO DE PAGAMENTO S.A.
17157777,BCO NACIONAL,415,BANCO NACIONAL S.A.
17184037,BCO MERCANTIL DO BRASIL S.A.,389,Banco Mercantil do Brasil S.A.
17351180,BCO TRIANGULO S.A.,634,BANCO TRIANGULO S.A.
17352220,SENSO CCVM S.A.,545,SENSO CORRETORA DE CAMBIO E VALORES MOBILIARIOS S.A
17453575,ICBC DO BRASIL BM S.A.,132,ICBC do Brasil Banco Múltiplo S.A.
17772370,VIPS CC S.A.,298,VIPS CORRETORA DE CÂMBIO S.A.
17826860,BMS SCD S.A.,377,BMS SOCIEDADE DE CRÉDITO DIRETO S.A.
18188384,CREFAZ SCMEPP SA,321,CREFAZ SOCIEDADE DE CRÉDITO AO MICROEMPREENDEDOR E A EMPRESA DE PEQUENO PORTE S.A.
18189547,CLOUDWALK IP LTDA,542,CLOUDWALK INSTITUIÇÃO DE PAGAMENTO E SERVICOS LTDA
18236120,NU PAGAMENTOS - IP,260,NU PAGAMENTOS S.A. - INSTITUIÇÃO DE PAGAMENTO
18282093,OXY CH,573,OXY COMPANHIA HIPOTECÁRIA
18394228,CDC SCD S.A.,470,CDC SOCIEDADE DE CRÉDITO DIRETO S.A.
18520834,UBS BB BI S.A.,129,UBS BB BANCO DE INVESTIMENTO S.A.
18684408,AZIMUT BRASIL DTVM LTDA,562,AZIMUT BRASIL DISTRIBUIDORA DE TÍTULOS E VALORES MOBILIÁRIOS LTDA
19307785,BRAZA BANK S.A. BCO DE CÂMBIO,128,BRAZA BANK S.A. BANCO DE CÂMBIO
19324634,LAMARA SCD S.A.,416,LAMARA SOCIEDADE DE CRÉDITO DIRETO S.A.
19468242,IFOOD PAGO IP,595,IFOOD PAGO INSTITUIÇÃO DE PAGAMENTO S.A.
19540550,ASAAS IP S.A.,461,ASAAS GESTÃO FINANCEIRA INSTITUIÇÃO DE PAGAMENTO S.A.
20018183,STARK BANK S.A. - IP,665,STARK BANK S.A. - INSTITUICAO DE PAGAMENTO
20155248,UNIDA DTVM LTDA,194,UNIDA DISTRIBUIDORA DE TÍTULOS E VALORES MOBILIÁRIOS LTDA.
20251847,SUDACRED SCD S.A.,538,SUDACRED SOCIEDADE DE CRÉDITO DIRETO S.A.
20308187,AVANCARD PROVER IP LTDA,588,AVANCARD PROVER INSTITUIÇÃO DE PAGAMENTO LTDA
20443996,BECKER FINANCEIRA SA - CFI,768,"BECKER FINANCEIRA S.A. - CRÉDITO, FINANCIAMENTO E INVESTIMENTO"
20757199,PAY4FUN IP S.A.,561,PAY4FUN INSTITUICAO DE PAGAMENTO S.A.
20833992,CC MECUNP,772,COOPERATIVA DE CRÉDITO MÚTUO DOS EMPREGADOS DO CENTRO UNIVERSITÁRIO NEWTON PAIVA LTDA. - CREDIPAIVA
20855875,NEON PAGAMENTOS S.A. IP,536,NEON PAGAMENTOS S.A. - INSTITUIÇÃO DE PAGAMENTO
21018182,EBANX IP LTDA.,383,EBANX INSTITUICAO DE PAGAMENTOS LTDA.
21332862,CARTOS SCD S.A.,324,CARTOS SOCIEDADE DE CRÉDITO DIRETO S.A.
21995256,MAG IP LTDA.,560,MAG INSTITUICAO DE PAGAMENTO LTDA
22575466,SRM BANK,533,SRM BANK INSTITUIÇÃO DE PAGAMENTO S/A
22610500,VORTX DTVM LTDA.,310,VORTX DISTRIBUIDORA DE TITULOS E VALORES MOBILIARIOS LTDA.
22896431,PICPAY,380,PICPAY INSTITUIçãO DE PAGAMENTO S.A.
23114447,FLAGSHIP IP LTDA,566,FLAGSHIP INSTITUICAO DE PAGAMENTO LTDA
23862762,WILL FINANCEIRA S.A.CFI - EM LIQUIDAÇÃO EXTRAJUDICIAL,280,"WILL FINANCEIRA S.A. CRÉDITO, FINANCIAMENTO E INVESTIMENTO - EM LIQUIDAÇÃO EXTRAJUDICIAL"
24074692,GUITTA CC LTDA,146,GUITTA CORRETORA DE CAMBIO LTDA.
24313102,99PAY IP S.A.,769,99PAY INSTITUICAO DE PAGAMENTO S.A.
25104230,PAGARE IP S.A.,651,PAGARE INSTITUICAO DE PAGAMENTO S.A.
26264220,ZERO IP,671,ZERO INSTITUIÇÃO DE PAGAMENTO S.A.
26615279,TYCOON TECHNOLOGY IIP S.A,685,TYCOON TECHNOLOGY INSTITUICAO DE PAGAMENTO S.A
27084098,TRANSFEERA IP S.A.,593,TRANSFEERA INSTITUIÇÃO DE PAGAMENTO S.A
27098060,BANCO DIGIO,335,Banco Digio S.A.
27214112,AL5 S.A. SCFI,349,"AL5 S.A. SOCIEDADE DE CRÉDITO, FINANCIAMENTO E INVESTIMENTO"
27302181,CRED.UFES,427,COOPERATIVA DE CRÉDITO DOS SERVIDORES DA UNIVERSIDADE FEDERAL DO ESPIRITO SANTO
27351731,REALIZE SCFI S.A.,374,"REALIZE SOCIEDADE DE CRÉDITO, FINANCIAMENTO E INVESTIMENTO S.A."
27652684,GENIAL INVESTIMENTOS CVM S.A.,278,Genial Investimentos Corretora de Valores Mobiliários S.A.
27842177,BPY CCTVM S.A.,271,"BPY CORRETORA DE CÂMBIO, TÍTULOS E VALORES MOBILIÁRIOS S.A."
27970567,HINOVA PAY IP S.A.,674,HINOVA PAY INSTITUICAO DE PAGAMENTO S.A.
28127603,BCO BANESTES S.A.,21,BANESTES S.A. BANCO DO ESTADO DO ESPIRITO SANTO
28195667,BCO ABC BRASIL S.A.,246,Banco ABC Brasil S.A.
28650236,GALAPAGOS DTVM S.A.,292,GALAPAGOS CAPITAL DISTRIBUIDORA DE TÍTULOS E VALORES MOBILIÁRIOS S.A.
28719664,Balcão B3,0,Sistema do Balcão B3
28811341,BCO STONEX S.A.,554,BANCO STONEX S.A.
29030467,Scotiabank Brasil,751,Scotiabank Brasil S.A. Banco Múltiplo
29162769,SANTANDER CTVM S.A.,352,SANTANDER CORRETORA DE TÍTULOS E VALORES MOBILIÁRIOS S.A.
30306294,BANCO BTG PACTUAL S.A.,208,Banco BTG Pactual S.A.
30507541,BRASIL CASH IP S.A.,683,BRASIL CASH INSTITUICAO DE PAGAMENTO S.A
30680829,NU FINANCEIRA S.A. CFI,386,"NU FINANCEIRA S.A. - Sociedade de Crédito, Financiamento e Investimento"
30723871,BANQI,675,BANQI INSTITUICAO DE PAGAMENTO LTDA.
30944783,PAGPRIME IP,557,PAGPRIME INSTITUICAO DE PAGAMENTO LTDA
30980539,OKTO IP,546,OKTO INSTITUIÇÃO DE PAGAMENTO S.A.
31597552,BCO CLASSICO S.A.,241,BANCO CLASSICO S.A.
31680151,SWAP IP S.A.,783,SWAP INSTITUIÇÃO DE PAGAMENTO S.A.
31749596,IDEAL CTVM S.A.,398,IDEAL CORRETORA DE TÍTULOS E VALORES MOBILIÁRIOS S.A.
31872495,BCO C6 S.A.,336,Banco C6 S.A.
31880826,BCO GUANABARA S.A.,612,Banco Guanabara S.A.
31895683,BCO INDUSTRIAL DO BRASIL S.A.,604,Banco Industrial do Brasil S.A.
32062580,BCO UBS BRASIL,505,BANCO UBS (BRASIL) S.A.
32074986,BEETELLER IP LTDA.,550,BEETELLER INSTITUIÇÃO DE PAGAMENTO LTDA.
32192325,UZZIPAY IP S.A.,552,UZZIPAY INSTITUIÇÃO DE PAGAMENTO S.A.
32402502,QI SCD S.A.,329,QI Sociedade de Crédito Direto S.A.
32648370,FAIR CC S.A.,196,FAIR CORRETORA DE CAMBIO S.A.
32708748,WE PAY OUT IP LTDA.,662,WE PAY OUT INSTITUICAO DE PAGAMENTO LTDA.
32820711,EFEX IP,693,EFEX INSTITUIÇÃO DE PAGAMENTO S.A.
32997490,CREDITAS SCD,342,Creditas Sociedade de Crédito Direto S.A.
33040601,MERCANTIL FINANCEIRA,567,"MERCANTIL FINANCEIRA S.A. - SOCIEDADE DE CRÉDITO, FINANCIAMENTO E INVESTIMENTO."
33042151,BCO LA NACION ARGENTINA,300,Banco de la Nacion Argentina
33042953,CITIBANK N.A.,477,Citibank N.A.
33132044,BCO CEDULA S.A.,266,BANCO CEDULA S.A.
33147315,BCO BRADESCO BERJ S.A.,122,Banco Bradesco BERJ S.A.
33172537,BCO J.P. MORGAN S.A.,376,BANCO J.P. MORGAN S.A.
33264668,BCO XP S.A.,348,Banco XP S.A.
33466988,BCO CAIXA GERAL BRASIL S.A.,473,Banco Caixa Geral - Brasil S.A.
33479023,BCO CITIBANK S.A.,745,Banco Citibank S.A.
33588252,BCO INDUSCRED DE INVESTIM. S/A,708,BANCO INDUSCRED DE INVESTIMENTO S.A.
33603457,BCO RODOBENS S.A.,120,BANCO RODOBENS S.A.
33644196,BCO FATOR S.A.,265,Banco Fator S.A.
33657248,BNDES,7,BANCO NACIONAL DE DESENVOLVIMENTO ECONOMICO E SOCIAL
33667205,CCC POUP INV DO CENTRO NORTE DO BRASIL,583,"COOPERATIVA CENTRAL DE CRÉDITO, POUPANÇA E INVESTIMENTO DO CENTRO NORTE DO BRASIL - CENTRAL SICREDI CENTRO NORTE"
33737818,"CCC POUP INV DE MS, GO, DF E TO",582,"COOPERATIVA CENTRAL DE CRÉDITO, POUPANÇA E INVESTIMENTO DE MATO GROSSO DO SUL, GOIÁS, DISTRITO FEDERAL E TOCANTINS - CENTRAL SICREDI BRASIL CENTRAL"
33775974,ATIVA S.A. INVESTIMENTOS CCTVM,188,"ATIVA INVESTIMENTOS S.A. CORRETORA DE TÍTULOS, CÂMBIO E VALORES"
33862244,BGC LIQUIDEZ DTVM LTDA,134,BGC LIQUIDEZ DISTRIBUIDORA DE TÍTULOS E VALORES MOBILIÁRIOS LTDA
33884941,BANCO MASTER MÚLTIPLO - EM LIQUIDAÇÃO EXTRAJUDICIAL,719,BANCO MASTER MÚLTIPLO S.A. - EM LIQUIDAÇÃO EXTRAJUDICIAL
33885724,BANCO ITAÚ CONSIGNADO S.A.,29,Banco Itaú Consignado S.A.
33886862,MASTER S/A CCTVM - EM LIQUIDAÇÃO EXTRAJUDICIAL,467,"MASTER S/A CORRETORA DE CÂMBIO, TÍTULOS E VALORES MOBILIÁRIOS - EM LIQUIDAÇÃO EXTRAJUDICIAL"
33923798,BANCO MASTER - EM LIQUIDAÇÃO EXTRAJUDICIAL,243,BANCO MASTER S/A - EM LIQUIDAÇÃO EXTRAJUDICIAL
33959738,MOVA SEP S.A.,774,MOVA SOCIEDADE DE EMPRÉSTIMO ENTRE PESSOAS S.A.
34088029,LISTO SCD S.A.,397,LISTO SOCIEDADE DE CREDITO DIRETO S.A.
34111187,HAITONG BI DO BRASIL S.A.,78,Haitong Banco de Investimento do Brasil S.A.
34139916,EMCASH SERV FINANC SEP S.A.,760,EMCASH SERVIÇOS FINANCEIROS SOCIEDADE DE EMPRÉSTIMO ENTRE PESSOAS S.A.
34265629,INTERCAM CC LTDA,525,INTERCAM CORRETORA DE CÂMBIO LTDA.
34335592,ÓTIMO SCD S.A.,355,ÓTIMO SOCIEDADE DE CRÉDITO DIRETO S.A.
34337707,BMP SCD S.A.,531,BMP SOCIEDADE DE CRÉDITO DIRETO S.A
34471744,PAGME IP LTDA,660,PAGME INSTITUIÇÃO DE PAGAMENTO LTDA.
34747388,ISSUER IP LTDA.,597,ISSUER INSTITUICAO DE PAGAMENTO LTDA.
34829992,CBSF DTVM -EM LIQUIDAÇÃO EXTRAJUDICIAL,528,CBSF DISTRIBUIDORA DE TÍTULOS E VALORES MOBILIÁRIOS S.A.- EM LIQUIDAÇÃO EXTRAJUDICIAL
35210410,ONEKEY PAYMENTS IP S.A.,659,ONEKEY PAYMENTS INSTITUICAO DE PAGAMENTO SA
35340796,INCO SEP S.A.,687,INCO SOCIEDADE DE EMPRÉSTIMO ENTRE PESSOAS S.A.
35479592,DUFRIO CFI S.A.,676,"DUFRIO FINANCEIRA, CRÉDITO, FINANCIAMENTO E INVESTIMENTOS S.A."
35523352,BEES IP LTDA.,695,BEES INSTITUICAO DE PAGAMENTO LTDA.
35551187,PLANTAE CFI,445,"PLANTAE S.A. - CRÉDITO, FINANCIAMENTO E INVESTIMENTO"
35713491,PROTOTYPE IP S.A.,788,PROTOTYPE INSTITUICAO DE PAGAMENTO S.A.
35810871,Z1 IP LTDA.,586,Z1 INSTITUIÇÃO DE PAGAMENTO LTDA.
35977097,UP.P SEP S.A.,373,UP.P SOCIEDADE DE EMPRÉSTIMO ENTRE PESSOAS S.A.
36113876,OLIVEIRA TRUST DTVM S.A.,111,OLIVEIRA TRUST DISTRIBUIDORA DE TÍTULOS E VALORES MOBILIARIOS S.A.
36266751,FINVEST DTVM,512,FINVEST DISTRIBUIDORA DE TÍTULOS E VALORES MOBILIÁRIOS LTDA.
36321990,AGORACRED S/A SCFI,599,"AGORACRED S/A SOCIEDADE DE CRÉDITO, FINANCIAMENTO E INVESTIMENTO"
36583700,QISTA S.A. CFI,516,"QISTA S.A. - CRÉDITO, FINANCIAMENTO E INVESTIMENTO"
36586946,BONUSPAGO SCD S.A.,408,BONUSPAGO SOCIEDADE DE CRÉDITO DIRETO S.A.
36690516,PAY IP S.A.,679,PAY INSTITUICAO DE PAGAMENTO S.A.
36864992,MAF DTVM SA,484,MAF DISTRIBUIDORA DE TÍTULOS E VALORES MOBILIÁRIOS S.A.
36947229,COBUCCIO S.A. SCFI,402,"COBUCCIO S/A - SOCIEDADE DE CRÉDITO, FINANCIAMENTO E INVESTIMENTOS"
37229413,SCFI EFÍ S.A.,507,"SOCIEDADE DE CRÉDITO, FINANCIAMENTO E INVESTIMENTO EFÍ S.A."
37241230,SUMUP SCD S.A.,404,SUMUP SOCIEDADE DE CRÉDITO DIRETO S.A.
37414009,ZIPDIN SCD S.A.,418,ZIPDIN SOLUÇÕES DIGITAIS SOCIEDADE DE CRÉDITO DIRETO S/A
37470405,SMART SOLUTIONS GROUP IP LTDA,615,SMART SOLUTIONS GROUP INSTITUICAO DE PAGAMENTO LTDA
37526080,LEND SCD S.A.,414,LEND SOCIEDADE DE CRÉDITO DIRETO S.A.
37555231,DM,449,DM SOCIEDADE DE CRÉDITO DIRETO S.A.
37678915,FIDD DTVM LTDA.,587,FIDD DISTRIBUIDORA DE TÍTULOS E VALORES MOBILIÁRIOS LTDA.
37679449,MERCADO CRÉDITO SCFI S.A.,518,"MERCADO CRÉDITO SOCIEDADE DE CRÉDITO, FINANCIAMENTO E INVESTIMENTO S.A."
37715993,ACCREDITO SCD S.A.,406,ACCREDITO - SOCIEDADE DE CRÉDITO DIRETO S.A.
37880206,CORA SCFI,403,"CORA SOCIEDADE DE CRÉDITO, FINANCIAMENTO E INVESTIMENTO S.A."
38129006,NUMBRS SCD S.A.,419,NUMBRS SOCIEDADE DE CRÉDITO DIRETO S.A.
38224857,DELCRED SCD S.A.,435,DELCRED SOCIEDADE DE CRÉDITO DIRETO S.A.
38429045,VIS DTVM LTDA,455,VIS DISTRIBUIDORA DE TÍTULOS E VALORES MOBILIÁRIOS LTDA
38593706,MULTICRED SCD S.A.,544,MULTICRED SOCIEDADE DE CRÉDITO DIRETO S.A.
39343350,CC LAR CREDI,421,LAR COOPERATIVA DE CRÉDITO - LAR CREDI
39416705,OCTA SCD S.A. - EM LIQUIDAÇÃO EXTRAJUDICIAL,443,OCTA SOCIEDADE DE CRÉDITO DIRETO S.A. - EM LIQUIDAÇÃO EXTRAJUDICIAL
39519944,OPEA SCD,535,OPEA SOCIEDADE DE CRÉDITO DIRETO S.A.
39587424,UY3 SCD S/A,457,UY3 SOCIEDADE DE CRÉDITO DIRETO S/A
39664698,CREDSYSTEM SCD S.A.,428,CREDSYSTEM SOCIEDADE DE CRÉDITO DIRETO S.A.
39669186,HEMERA DTVM LTDA.,448,HEMERA DISTRIBUIDORA DE TÍTULOS E VALORES MOBILIÁRIOS LTDA.
39676772,CREDIFIT SCD S.A.,452,CREDIFIT SOCIEDADE DE CRÉDITO DIRETO S.A.
39696395,CACTVS IP S.A.,596,CACTVS INSTITUICAO DE PAGAMENTO S.A
39738065,FFCRED SCD S.A.,510,FFCRED SOCIEDADE DE CRÉDITO DIRETO S.A..
39908427,STARK SCD S.A.,462,STARK SOCIEDADE DE CRÉDITO DIRETO S.A.
40083667,CAPITAL CONSIG SCD S.A.,465,CAPITAL CONSIG SOCIEDADE DE CRÉDITO DIRETO S.A.
40112555,GIRO - SCD S/A,636,GIRO - SOCIEDADE DE CRÉDITO DIRETO S/A
40276692,PROTEGE CASH,563,PROTEGE CASH INSTITUIÇÃO DE PAGAMENTO S.A.
40303299,PORTOPAR DTVM LTDA,306,PORTOPAR DISTRIBUIDORA DE TITULOS E VALORES MOBILIARIOS LTDA.
40333582,SAYGO CÂMBIO,556,SAYGO CORRETORA DE CÂMBIO S.A.
40353377,FOURTRADE COR. DE CAMBIO LTDA,305,FOURTRADE CORRETORA DE CÂMBIO LTDA.
40434681,AZUMI DTVM,463,AZUMI DISTRIBUIDORA DE TíTULOS E VALORES MOBILIáRIOS LTDA.
40473435,REPASSES FINANCEIROS E SOLUCOES TECNOLOGICAS IP S.A.,590,REPASSES FINANCEIROS E SOLUCOES TECNOLOGICAS INSTITUICAO DE PAGAMENTO S.A.
40475846,J17 - SCD S/A,451,J17 - SOCIEDADE DE CRÉDITO DIRETO S/A
40654622,TRINUS SCD S.A.,444,TRINUS SOCIEDADE DE CRÉDITO DIRETO S.A.
40768766,LIONS TRUST DTVM,519,LIONS TRUST DISTRIBUIDORA DE TÍTULOS E VALORES MOBILIÁRIOS LTDA.
41592532,MÉRITO DTVM LTDA.,454,MÉRITO DISTRIBUIDORA DE TÍTULOS E VALORES MOBILIÁRIOS LTDA.
42047025,UNAVANTI SCD S/A,460,UNAVANTI SOCIEDADE DE CRÉDITO DIRETO S/A
42066258,RJI,506,RJI CORRETORA DE TITULOS E VALORES MOBILIARIOS LTDA
42259084,ARTTA SCD,482,ARTTA SOCIEDADE DE CRÉDITO DIRETO S.A
42272526,BNY MELLON BCO S.A.,17,BNY Mellon Banco S.A.
42963742,BANSUR JM SCD S.A.,759,BANSUR JM SOCIEDADE DE CRÉDITO DIRETO S/A
43180355,PEFISA S.A. - C.F.I.,174,"PEFISA S.A. - CRÉDITO, FINANCIAMENTO E INVESTIMENTO"
43599047,SUPERLÓGICA SCD S.A.,481,SUPERLÓGICA SOCIEDADE DE CRÉDITO DIRETO S.A.
43978697,KIKAI SCD S.A.,688,KIKAI SOCIEDADE DE CRÉDITO DIRETO S.A.
44019481,PEAK SEP S.A.,521,PEAK SOCIEDADE DE EMPRÉSTIMO ENTRE PESSOAS S.A.
44077014,BR-CAPITAL DTVM S.A.,433,BR-CAPITAL DISTRIBUIDORA DE TÍTULOS E VALORES MOBILIÁRIOS S.A.
44189447,BCO LA PROVINCIA B AIRES BCE,495,Banco de La Provincia de Buenos Aires
44292580,HR DIGITAL SCD,523,HR DIGITAL - SOCIEDADE DE CRÉDITO DIRETO S/A
44478623,ATICCA SCD S.A.,527,ATICCA - SOCIEDADE DE CRÉDITO DIRETO S.A.
44663846,FEATBANK IP LTDA,704,FEATBANK INSTITUICAO DE PAGAMENTO LTDA
44683140,MAGNUM SCD,511,MAGNUM SOCIEDADE DE CRÉDITO DIRETO S.A.
44705774,SOMAPAY SCD S.A.,520,SOMAPAY SOCIEDADE DE CRÉDITO DIRETO S.A.
44728700,ATF SCD S.A.,513,ATF SOCIEDADE DE CRÉDITO DIRETO S.A.
44782130,ACTUAL DTVM S.A.,663,ACTUAL DISTRIBUIDORA DE TÍTULOS E VALORES MOBILIÁRIOS S.A.
44921281,NIXFIN SCD,792,NIXFIN SOCIEDADE DE CRÉDITO DIRETO S.A.
45056494,JM CORRETORA DE CÂMBIO,697,JM CORRETORA DE CÂMBIO LTDA.
45246410,BANCO GENIAL,125,BANCO GENIAL S.A.
45283173,BBVA BRASIL BI S.A.,496,BBVA BRASIL BANCO DE INVESTIMENTO S.A.
45331622,BNK DIGITAL SCD S.A.,547,BNK DIGITAL SOCIEDADE DE CRÉDITO DIRETO S.A.
45548763,MAPS IP LTDA.,592,INSTITUIÇÃO DE PAGAMENTOS MAPS LTDA.
45716916,FIDEM SCD S/A,678,FIDEM SOCIEDADE DE CRÉDITO DIRETO S/A
45745537,EAGLE SCD S.A.,532,EAGLE SOCIEDADE DE CRÉDITO DIRETO S.A.
45756448,MICROCASH SCMEPP LTDA.,537,MICROCASH SOCIEDADE DE CRÉDITO AO MICROEMPREENDEDOR E À EMPRESA DE PEQUENO PORTE LTDA.
45854066,WNT CAPITAL DTVM,524,WNT CAPITAL DISTRIBUIDORA DE TÍTULOS E VALORES MOBILIÁRIOS S.A.
46026562,MONETARIE SCD,526,MONETARIE SOCIEDADE DE CRÉDITO DIRETO S.A.
46505612,MONERY IP S.A.,682,MONERY INSTITUICAO DE PAGAMENTO S.A.
46518205,JPMORGAN CHASE BANK,488,"JPMorgan Chase Bank, National Association"
47133056,TRANSFERO IP LTDA.,669,TRANSFERO INSTITUICAO DE PAGAMENTO LTDA.
47381104,CONTAAZUL IP LTDA.,775,CONTAAZUL INSTITUICAO DE PAGAMENTO LTDA.
47593544,RED SCD S.A.,522,RED SOCIEDADE DE CRÉDITO DIRETO S.A.
47873449,SER FINANCE SCD S.A.,530,SER FINANCE SOCIEDADE DE CRÉDITO DIRETO S.A.
48552108,LIQUIDO IP LTDA,667,LIQUIDO INSTITUICAO DE PAGAMENTO LTDA
48584954,DGBK CREDIT S.A. - SOCIEDADE DE CRÉDITO DIRETO.,575,DGBK CREDIT S.A. - SOCIEDADE DE CRÉDITO DIRETO.
48632754,CELCOIN SCD,668,CELCOIN SOCIEDADE DE CRÉDITO DIRETO S.A.
48703388,ASA SCFI S.A.,594,ASA SOCIEDADE DE CRÉDITO FINANCIAMENTO E INVESTIMENTO S.A.
48707451,PERCAPITAL SCD S.A.,553,PERCAPITAL SOCIEDADE DE CRÉDITO DIRETO S.A.
48756121,A55 SCD S.A.,574,A55 SOCIEDADE DE CRÉDITO DIRETO S.A.
48795256,BCO ANDBANK S.A.,65,Banco AndBank (Brasil) S.A.
48967968,VERT DTVM LTDA.,551,VERT DISTRIBUIDORA DE TÍTULOS E VALORES MOBILIÁRIOS LTDA
49288113,KANASTRA CFI,559,"KANASTRA FINANCEIRA S.A, CREDITO, FINANCIAMENTO E INVESTIMENTO"
49555647,QUADRA SCD,579,QUADRA SOCIEDADE DE CRÉDITO DIRETO S.A.
49931906,TRIO IP LTDA.,619,TRIO INSTITUICAO DE PAGAMENTO LTDA.
49933388,BRCONDOS SCD S.A.,568,BRCONDOS SOCIEDADE DE CRÉDITO DIRETO S.A.
50032584,LOAN BRASIL SCD S.A.,696,LOAN BRASIL SOCIEDADE DE CRÉDITO DIRETO S.A.
50579044,LEVYCAM CCV LTDA,145,LEVYCAM - CORRETORA DE CAMBIO E VALORES LTDA.
50585090,BANCO BMG CONSIGNADO S.A.,250,BANCO BMG CONSIGNADO S.A.
50626276,KONECT SCD S/A,598,KONECT SOCIEDADE DE CRÉDITO DIRETO S/A
50871921,MT IP S.A.,681,MT INSTITUICAO DE PAGAMENTO SA
50946592,SETHI SCD SA,585,SETHI SOCIEDADE DE CRÉDITO DIRETO S.A.
51118615,INTEGRAÇÃO DE CRÉDITO E COBRANÇA SCD,701,INTEGRAÇÃO DE CRÉDITO E COBRANÇA SOCIEDADE DE CRÉDITO DIRETO S.A.
51118718,NVIO BRASIL SCD S.A.,689,NVIO BRASIL SOCIEDADE DE CRÉDITO DIRETO S.A.
51212088,G5 SCD SA,589,G5 SOCIEDADE DE CRÉDITO DIRETO S.A.
51342763,REVOLUT SCD S.A.,620,REVOLUT SOCIEDADE DE CRÉDITO DIRETO S.A.
51414521,ALL IN CRED SCD S.A.,572,ALL IN CRED SOCIEDADE DE CREDITO DIRETO S.A.
52076716,AWX BRASIL IP LTDA.,786,AWX BRASIL  INSTITUICAO DE PAGAMENTO LTDA
52440987,SANTS SCD S.A.,614,SANTS SOCIEDADE DE CRÉDITO DIRETO S.A.
52586293,Z-ON SCD S.A.,632,Z-ON SOCIEDADE DE CRÉDITO DIRETO S.A.
52833288,LB PAY IP LTDA,766,LB PAY INSTITUIÇÃO DE PAGAMENTO LTDA
53505601,STONE CFI S.A.,672,"STONE SOCIEDADE DE CREDITO, FINANCIAMENTO E INVESTIMENTO S.A."
53518684,BCO HSBC S.A.,269,BANCO HSBC S.A.
53822116,MW IP LTDA.,700,MW INSTITUICAO DE PAGAMENTO LTDA
53842122,URBANO S.A. SCFI,761,"URBANO S.A. - SOCIEDADE DE CRÉDITO, FINANCIAMENTO E INVESTIMENTO"
53908413,KIWIFY IP,773,KIWIFY INSTITUICAO DE PAGAMENTO LTDA
54024532,MAX IP,790,MAX INSTITUIÇÃO DE PAGAMENTO LTDA
54403563,BCO ARBI S.A.,213,Banco Arbi S.A.
54641030,Câmara B3,0,Câmara B3
54647259,321 SCD S.A.,644,321 SOCIEDADE DE CRÉDITO DIRETO S.A.
54811417,WOOVI IP LTDA.,694,WOOVI INSTITUICAO DE PAGAMENTO LTDA
55230916,INTESA SANPAOLO BRASIL S.A. BM,139,Intesa Sanpaolo Brasil S.A. - Banco Múltiplo
55428859,FREEX SCC S.A.,661,FREEX SOCIEDADE CORRETORA DE CÂMBIO S.A.
55823094,DELTA GLOBAL SCD S.A.,680,DELTA GLOBAL SOCIEDADE DE CRÉDITO DIRETO S.A.
56106523,VUE IP S.A.,763,VUE INSTITUIÇÃO DE PAGAMENTO S.A.
56198117,SQUID SCD S.A.,692,SQUID SOCIEDADE DE CRÉDITO DIRETO S.A.
56392166,HARMOS S.A. - SCFI,684,"HARMOS S.A. - SOCIEDADE DE CRÉDITO, FINANCIAMENTO E INVESTIMENTO"
57824223,WX IP LTDA.,771,WX INSTITUICAO DE PAGAMENTO LTDA
57839805,BCO TRICURY S.A.,18,Banco Tricury S.A.
58006471,BARU DTVM LTDA.,781,BARU DISTRIBUIDORA DE TÍTULOS E VALORES MOBILIÁRIOS LTDA.
58160789,BCO SAFRA S.A.,422,Banco Safra S.A.
58367961,BIT SCD S.A.,698,BIT SOCIEDADE DE CRÉDITO DIRETO S.A.
58497702,BANCO LETSBANK S.A. - EM LIQUIDAÇÃO EXTRAJUDICIAL,630,BANCO LETSBANK S.A. - EM LIQUIDAÇÃO EXTRAJUDICIAL
58616418,BCO FIBRA S.A.,224,Banco Fibra S.A.
59109165,BCO VOLKSWAGEN S.A,393,Banco Volkswagen S.A.
59118133,BCO LUSO BRASILEIRO S.A.,600,Banco Luso Brasileiro S.A.
59274605,BCO GM S.A.,390,BANCO GM S.A.
59285411,BANCO PAN,623,Banco Pan S.A.
59396084,BFC SCD S.A.,699,BFC SOCIEDADE DE CRÉDITO DIRETO S.A.
59588111,BCO VOTORANTIM S.A.,655,Banco Votorantim S.A.
60394079,BCO ITAUBANK S.A.,479,Banco ItauBank S.A.
60498557,BCO MUFG BRASIL S.A.,456,Banco MUFG Brasil S.A.
60518222,BCO SUMITOMO MITSUI BRASIL S.A.,464,Banco Sumitomo Mitsui Brasileiro S.A.
60701190,ITAÚ UNIBANCO S.A.,341,ITAÚ UNIBANCO S.A.
60746948,BCO BRADESCO S.A.,237,Banco Bradesco S.A.
60814191,BCO MERCEDES-BENZ S.A.,381,BANCO MERCEDES-BENZ DO BRASIL S.A.
60850229,OMNI BANCO S.A.,613,Omni Banco S.A.
60889128,BCO SOFISA S.A.,637,BANCO SOFISA S.A.
60934221,Câmbio B3,0,Câmara de Câmbio B3
61024352,BM PLENO S.A. - EM LIQUIDAÇÃO EXTRAJUDICIAL,653,BANCO PLENO S.A. - EM LIQUIDAÇÃO EXTRAJUDICIAL
61033106,BCO CREFISA S.A.,69,Banco Crefisa S.A.
61088183,BCO MIZUHO S.A.,370,Banco Mizuho do Brasil S.A.
61182408,BANCO INVESTCRED UNIBANCO S.A.,249,Banco Investcred Unibanco S.A.
61186680,BCO BMG S.A.,318,Banco BMG S.A.
61348538,BCO C6 CONSIG,626,BANCO C6 CONSIGNADO S.A.
61384004,AVENUE SECURITIES BI S.A.,508,AVENUE SECURITIES BANCO DE INVESTIMENTO S.A.
61533584,BCO SOCIETE GENERALE BRASIL,366,BANCO SOCIETE GENERALE BRASIL S.A.
61723847,NEON CTVM S.A.,113,NEON CORRETORA DE TÍTULOS E VALORES MOBILIÁRIOS S.A.
61747085,TULLETT PREBON BRASIL CVC LTDA,131,TULLETT PREBON BRASIL CORRETORA DE VALORES E CÂMBIO LTDA
61809182,UBS (BRASIL) CORRETORA DE VALORES S.A.,11,UBS (BRASIL) CORRETORA DE VALORES S.A.
61820817,BCO PAULISTA S.A.,611,Banco Paulista S.A.
62073200,BOFA MERRILL LYNCH BM S.A.,755,Bank of America Merrill Lynch Banco Múltiplo S.A.
62109566,CREDISAN CC,89,CREDISAN COOPERATIVA DE CRÉDITO
62144175,BCO PINE S.A.,643,Banco Pine S.A.
62169875,NU INVESTIMENTOS S.A. - CTVM,140,NU INVESTIMENTOS S.A. - CORRETORA DE TÍTULOS E VALORES MOBILIÁRIOS
62232889,BCO DAYCOVAL S.A,707,Banco Daycoval S.A.
62237649,CAROL DTVM LTDA.,288,CAROL DISTRIBUIDORA DE TITULOS E VALORES MOBILIARIOS LTDA.
62264924,QORE,767,QORE DISTRIBUIDORA DE TITULOS E VALORES MOBILIÁRIOS LTDA
62285390,QI CTVM S.A.,363,QI CORRETORA DE TÍTULOS E VALORES MOBILIÁRIOS S.A.
62287735,WARREN RENA DTVM,101,WARREN RENA DISTRIBUIDORA DE TÍTULOS E VALORES MOBILIÁRIOS LTDA
62331228,DEUTSCHE BANK S.A.BCO ALEMAO,487,DEUTSCHE BANK S.A. - BANCO ALEMAO
62421979,BANCO BMG SOLUÇÕES FINANCEIRAS S.A.,233,BANCO BMG SOLUÇÕES FINANCEIRAS S.A.
62448932,MULTIPLIKE FINANCEIRA S.A. SCFI,791,"MULTIPLIKE FINANCEIRA S.A. SOCIEDADE DE CRÉDITO, FINANCIAMENTO E INVESTIMENTO"
67030395,TRUSTEE DTVM LTDA.,438,TRUSTEE DISTRIBUIDORA DE TÍTULOS E VALORES MOBILIÁRIOS LTDA.
68757681,SIMPAUL,365,SIMPAUL CORRETORA DE CAMBIO E VALORES MOBILIARIOS  S.A.
68900810,BCO RENDIMENTO S.A.,633,Banco Rendimento S.A.
70119680,CENTRAL NORDESTE,581,"COOPERATIVA CENTRAL DE CRÉDITO, POUPANÇA E INVESTIMENTO DO NORDESTE - CENTRAL SICREDI NORDESTE"
71027866,BCO BS2 S.A.,218,Banco BS2 S.A.
71590442,LASTRO RDV DTVM LTDA,293,Lastro RDV Distribuidora de Títulos e Valores Mobiliários Ltda.
71677850,FRENTE SCC S.A,285,FRENTE SOCIEDADE CORRETORA DE CÂMBIO S.A.
73302408,EXIM CC LTDA.,514,EXIM CORRETORA DE CAMBIO LTDA
73622748,BT CC LTDA.,80,BT CORRETORA DE CÂMBIO LTDA.
74014747,ÁGORA CTVM S.A.,565,ÁGORA CORRETORA DE TITULOS E VALORES MOBILIARIOS S.A.
74828799,NOVO BCO CONTINENTAL S.A. - BM,753,Novo Banco Continental S.A. - Banco Múltiplo
75647891,BCO CRÉDIT AGRICOLE BR S.A.,222,BANCO CRÉDIT AGRICOLE BRASIL S.A.
76461557,CCR COOPAVEL,281,Cooperativa de Crédito Rural Coopavel
76543115,BANCO SISTEMA,754,Banco Sistema S.A.
78626983,BCO VR S.A.,610,Banco VR S.A.
78632767,OURIBANK S.A.,712,OURIBANK S.A. BANCO MÚLTIPLO
80230774,"CCC POUP E INV DOS ESTADOS DO PR, SP E RJ",584,"COOPERATIVA CENTRAL DE CRÉDITO, POUPANÇA E INVESTIMENTO DOS ESTADOS DO PARANÁ, SÃO PAULO E RIO DE JANEIRO - CENTRAL SICREDI PR/SP/RJ"
80271455,BCO RNX S.A.,720,BANCO RNX S.A.
81723108,CREDICOAMO,10,CREDICOAMO CREDITO RURAL COOPERATIVA
82096447,COOP CREDI&GENTE,440,CREDI&GENTE - COOPERATIVA DE CRÉDITO E INVESTIMENTOS
87437687,CCCPOUPINV SUL E SUDESTE - CENTRAL SUL/SUDESTE,580,"COOPERATIVA CENTRAL DE CRÉDITO, POUPANÇA E INVESTIMENTO DO SUL E SUDESTE - CENTRAL SICREDI SUL/SUDESTE"
89960090,RB INVESTIMENTOS DTVM LTDA.,283,RB INVESTIMENTOS DISTRIBUIDORA DE TITULOS E VALORES MOBILIARIOS LIMITADA
90400888,BCO SANTANDER (BRASIL) S.A.,33,BANCO SANTANDER (BRASIL) S.A.
91669747,DM SCFI,646,"DM SOCIEDADE DE CRÉDITO, FINANCIAMENTO E INVESTIMENTO S.A"
91884981,BANCO JOHN DEERE S.A.,217,Banco John Deere S.A.
92702067,BCO DO ESTADO DO RS S.A.,41,Banco do Estado do Rio Grande do Sul S.A.
92825397,COOPCRECE,543,COOPERATIVA DE ECONOMIA E CRÉDITO MÚTUO DOS ELETRICITÁRIOS E DOS TRABALHADORES DAS EMPRESAS DO SETOR DE ENERGIA - COOPCRECE
92874270,BCO DIGIMAIS S.A.,654,BANCO DIGIMAIS S.A.
92894922,BANCO ORIGINAL,212,Banco Original S.A.
94968518,EFX CC LTDA.,289,EFX CORRETORA DE CÂMBIO LTDA.
